record_number,loadpmi_record_number,system_code,external_system_id,main_crnload_pmi,gp_national_code,practice_national_code
1,1,SRC_PAS_V83,MRN10001,,G1234567,P40001
2,2,SRC_PAS_V83,MRN10002,,G2345678,P40002
3,3,SRC_PAS_V83,MRN10003,,G3456789,P40003
4,4,SRC_PAS_V83,MRN10004,,G4567890,P40004
5,5,SRC_PAS_V83,MRN10005,,G5678901,P40005
6,6,SRC_PAS_V83,MRN10006,,G6789012,P40006
7,7,SRC_PAS_V83,MRN10007,,G7890123,P40007
8,8,SRC_PAS_V83,MRN10008,,G8901234,P40008
9,9,SRC_PAS_V83,MRN10009,,G9012345,P40009
10,10,SRC_PAS_V83,MRN10010,,G0123456,P40010
